{
  "retrieval": {
    "queries_tested": 3,
    "precision_at_k": [
      0.0,
      0.0,
      0.0
    ],
    "latencies_ms": [
      291.10026359558105,
      59.35525894165039,
      35.071611404418945
    ],
    "avg_precision": 0.0,
    "avg_latency_ms": 128.5090446472168,
    "std_latency_ms": 141.3306486356173
  },
  "comparison": {
    "keyword": {
      "mode": "keyword",
      "queries_tested": 10,
      "tool_selection_accuracy": 100.0,
      "correct_selections": 10,
      "tool_success_rate": 100.0,
      "successful_calls": 10,
      "latencies": {
        "retrieval_ms": [
          80.13534545898438,
          36.06605529785156,
          81.76374435424805,
          76.71213150024414,
          49.98612403869629,
          83.48488807678223,
          67.4886703491211,
          73.17137718200684,
          71.95210456848145,
          67.6271915435791
        ],
        "llm_ms": [],
        "tool_ms": [
          0,
          0,
          0,
          0,
          0,
          0,
          0,
          0,
          0,
          0
        ],
        "end_to_end_ms": [
          100.02827644348145,
          919.8465347290039,
          170.49860954284668,
          79.48875427246094,
          143.50199699401855,
          101.90224647521973,
          204.57196235656738,
          93.29771995544434,
          172.21903800964355,
          93.11914443969727
        ]
      },
      "errors": [],
      "avg_retrieval_ms": 68.83876323699951,
      "std_retrieval_ms": 15.027361313556375,
      "avg_end_to_end_ms": 207.84742832183838,
      "std_end_to_end_ms": 253.72067368060092
    },
    "local_llm": {
      "mode": "local",
      "queries_tested": 10,
      "tool_selection_accuracy": 100.0,
      "correct_selections": 10,
      "tool_success_rate": 100.0,
      "successful_calls": 10,
      "latencies": {
        "retrieval_ms": [
          91.39347076416016,
          88.16051483154297,
          49.96681213378906,
          77.32868194580078,
          93.45221519470215,
          71.73538208007812,
          75.64616203308105,
          51.28931999206543,
          95.48187255859375,
          158.89215469360352
        ],
        "llm_ms": [],
        "tool_ms": [
          0,
          0,
          0,
          0,
          0,
          0,
          0,
          0,
          0,
          0
        ],
        "end_to_end_ms": [
          16288.908004760742,
          16667.492866516113,
          16767.31848716736,
          17389.989614486694,
          17452.263593673706,
          17367.719173431396,
          17572.40319252014,
          45699.71990585327,
          45333.34136009216,
          50419.662952423096
        ]
      },
      "errors": [],
      "avg_retrieval_ms": 85.3346586227417,
      "std_retrieval_ms": 30.508893367159835,
      "avg_end_to_end_ms": 26095.88191509247,
      "std_end_to_end_ms": 14596.290242505875
    }
  }
}